Id,Vin,Make,Model,Year,TrafficRegisterDate
1,WAUEFAFL7DA309795,Mercedes-Benz,G-Class,2006,2010-03-13
2,WBAPK73579A659609,Oldsmobile,Achieva,2005,2000-04-22
3,3VWML7AJ1EM460438,Mitsubishi,Lancer Evolution,2015,2019-07-26
4,5N1AN0NU8BC328362,GMC,Yukon XL 2500,2012,2001-07-02
5,WBA4B1C54FG431611,Mercedes-Benz,500E,2002,2004-04-27
6,YV1902FH4D2114250,Buick,Skyhawk,2003,2008-02-06
7,3C3CFFCR3CT052713,Saturn,L-Series,2004,2021-09-08
8,WBAEV33403P705624,Ford,Transit Connect,2001,2014-06-26
9,KNADH4A34A6172120,Dodge,Dakota Club,2006,2010-02-09
10,WBAAW33451E709687,Plymouth,Neon,2016,2018-12-21
11,WAUHF98P36A811931,Mitsubishi,L300,2020,2009-06-03
12,JTJBM7FX3F5552661,Pontiac,Bonneville,2003,2000-09-21
13,KMHHT6KD5BU926320,Alfa Romeo,Spider,2006,2021-04-17
14,WBALW3C51CC835108,Cadillac,Eldorado,2003,2019-10-28
15,3GYEK63N12G033091,Chevrolet,SSR,2013,2019-09-03
16,WAUUL78E96A546197,Plymouth,Neon,2009,2006-12-13
17,WBA3B9C58FJ411147,Kia,Sephia,2000,2012-06-28
18,1GD11XEGXFF374228,Peugeot,207,2006,2020-03-26
19,WDDJK7DA8FF050666,Mercury,Mountaineer,2005,2013-09-15
20,JN1AY1AR6DM393021,Audi,TT,2000,2001-10-30
21,1C3BCBEB9DN608179,Acura,TL,2018,2017-06-09
22,1G6KE57Y81U130074,Audi,S6,2008,2006-01-17
23,WBA3X9C57ED325987,Honda,Odyssey,2021,2013-01-19
24,4T3BA3BB6FU016360,Ford,Escape,2005,2007-07-13
25,WAUAF98E66A502356,Mazda,Mazda5,2018,2003-07-14
26,1G6AK5S37D0933051,Volkswagen,rio,2002,2010-11-02
27,1G6DS57V480704341,Chevrolet,Avalanche 2500,2020,2010-02-23
28,WAUWFAFH0AN800326,Volvo,C70,2001,2013-04-16
29,WDDNG9FB2DA082527,Toyota,Highlander,2018,2019-09-09
30,WAUDH98E66A143968,Toyota,4Runner,1999,2021-06-15
31,WAUMFAFL2CA346375,GMC,Sierra 1500,2005,2000-04-11
32,4T1BF3EK9BU162865,Chevrolet,Tahoe,2020,2002-12-05
33,3D73M3HL7BG867398,Ford,Club Wagon,2020,2000-05-12
34,5TFBW5F18BX173585,Dodge,Charger,2015,2010-12-04
35,WAUHFAFL8DA191124,Hyundai,Tiburon,2019,2011-11-29
36,JHMZF1C62FS555362,Land Rover,Discovery Series II,2006,2006-11-17
37,1C4NJCBA3ED496809,Kia,Carens,2004,2021-05-25
38,WAUBFAFL4DA422283,Nissan,Leaf,2004,2015-06-10
39,5BZBF0AA0FN540734,Mitsubishi,Pajero,2001,2018-07-27
40,WAUKH78EX7A599811,GMC,1500 Club Coupe,2012,2019-03-10
41,WAU3GAFR1EA778570,Lexus,LS,2018,2018-12-27
42,4A4AP3AU8FE204438,Nissan,Stanza,2016,2020-10-02
43,WBAXH5C57DD228052,Volkswagen,GTI,1999,2008-08-28
44,1G6DV5EP3C0972639,Audi,TT,2007,2004-09-06
45,1G6DL1E34D0940800,Dodge,Viper,2000,2021-06-23
46,WDDPK4HA9FF592829,GMC,Suburban 1500,1999,2020-01-01
47,1GYFK53239R221254,Ford,F350,2007,2001-01-14
48,1B3CB3HA0AD731609,Nissan,Altima,2006,2008-04-22
49,KNAFZ6A3XF5166093,Mazda,MX-5,2003,2011-11-16
50,WAUAFAFL3AN071933,Lincoln,Town Car,2016,2007-01-19
51,5N1AN0NU8AC762182,Infiniti,G35,2021,2003-02-27
52,JN1AJ0HP1BM650215,Ford,Crown Victoria,2015,2018-03-24
53,1GKUCHE09AR714615,Toyota,Tundra,2006,2001-07-10
54,WAUVFAFR2CA212555,Audi,A4,2010,2007-01-22
55,1FTSE3ELXAD643803,Chevrolet,Silverado 2500,2011,2018-04-11
56,WBAUP9C54DV609266,Ford,Fairlane,2003,2009-06-17
57,WAUDH78E26A889905,Subaru,Legacy,1999,2017-08-07
58,1N4AA5AP2EC885355,Ford,Freestar,2003,2007-11-05
59,19XFB4F2XFE226910,Lotus,Exige,2020,2010-11-21
60,2G61V5S34D9125897,Hyundai,Elantra,2011,2017-09-13
61,1G6DV1EP6C0728914,Mitsubishi,Galant,2009,2014-11-11
62,WAUDH98E78A074579,Mitsubishi,Eclipse,2002,2018-03-14
63,3N1CN7AP1FL837082,Toyota,Yaris,2010,2006-08-22
64,SAJWA4GB5EL831619,GMC,3500,2004,1999-11-08
65,1FTEW1CM6CF829968,Chrysler,300,2000,2018-03-05
66,WA1YD64B95N316281,Lexus,SC,2008,2003-04-12
67,WBABV13475J668858,Pontiac,Grand Prix,1999,2007-02-04
68,1G6KD57Y58U687084,Lamborghini,Diablo,2013,2005-02-07
69,2C3CDXHG2CH980072,Lexus,LS,2004,2017-11-11
70,2HNYD28307H542412,Dodge,Ram Wagon B250,2020,2015-12-21
71,SAJWA0JH5EM007040,Suzuki,Cultus,2021,2002-04-15
72,JN1BY0AR7AM111737,Toyota,4Runner,2007,2001-05-11
73,4T1BD1EB3EU731742,BMW,3 Series,2005,2004-09-25
74,5GTMNGEE9A8140043,Plymouth,Sundance,2006,2018-10-13
75,1N4AA5AP8DC118396,Land Rover,Discovery,2011,2009-07-09
76,SCFEBBBK9BG102287,BMW,760,2004,2012-09-15
77,WBAKE5C56DJ427680,Cadillac,Eldorado,2021,2014-02-05
78,JN1CV6AP7AM177011,Ford,E-Series,1999,2007-03-02
79,WA1VMBFP9EA719091,Chevrolet,Colorado,2006,2002-10-30
80,WAURGAFD8EN204054,BMW,3 Series,2005,2014-10-10
81,WD3PE7DC5F5075862,Fillmore,Fillmore,2005,2001-09-07
82,WDDJK7DA0EF075060,Buick,Rendezvous,2018,2004-04-09
83,5NPDH4AE4FH542645,Chevrolet,Suburban 2500,2004,2014-07-26
84,1C6RD6GP2CS737072,Acura,NSX,2006,2018-12-24
85,5NPDH4AEXBH197454,Cadillac,DTS,2021,2013-03-26
86,1C4RDJEG1EC086304,Chevrolet,Cavalier,2015,2005-10-08
87,4USBT53555L007725,Honda,Accord,2010,2016-11-07
88,KMHTC6AD0CU754873,BMW,5 Series,2017,2020-02-06
89,1D7CE2BKXAS681918,BMW,Z4,2014,2018-01-19
90,WBAVS13508F132050,Morgan,Aero 8,1999,2003-11-24
91,WAUEFBFL1AN468998,Ford,Expedition EL,2009,2011-04-09
92,WBASN4C52AC201422,Volkswagen,New Beetle,2006,2010-03-26
93,WVWGU9ANXBE536316,Ford,E-Series,2013,2005-06-11
94,SCFEBBCF4CG199742,Mitsubishi,Galant,2002,2009-01-16
95,19UUA65514A025013,Buick,Century,2020,2017-03-28
96,WBAVB17556N802043,Mercedes-Benz,R-Class,2003,2000-08-06
97,JTEBU5JR4D5331899,Acura,Legend,2007,2004-12-24
98,JTDKN3DP5C3044047,Audi,A4,2013,2004-08-10
99,WA1LMAFE3FD437352,Mercedes-Benz,300TE,2020,2000-03-25
100,WBAEW53422P875846,Ford,F250,2000,2003-08-18
101,WAULC58E45A847362,Chevrolet,Cruze,2013,2003-04-11
102,JTEBC3EH4C2235392,Mitsubishi,Lancer,2003,2008-08-12
103,WVGAV7AX6CW178471,Daewoo,Leganza,2001,2013-12-29
104,5UXFG8C51BL120028,Subaru,Brat,2013,2014-12-17
105,5FNYF3H20AB012435,Acura,RDX,2003,2014-10-16
106,WA1YD54B85N916574,Chevrolet,Sportvan G30,2008,2011-06-24
107,1G6EC12902B473311,Audi,A3,2002,2001-09-14
108,1C4RJEAG9DC676545,Chevrolet,S10,2016,2018-11-22
109,19UUA8F35DA041109,Ford,Thunderbird,2009,2005-05-11
110,2LNBL8CV9AX970515,Audi,S4,2012,2019-05-29
111,1FTMF1EW8AK060095,Audi,A3,2020,2018-04-19
112,WBASN2C50DC491619,Hyundai,Azera,2002,2021-09-27
113,19UUA9F79EA750801,Jaguar,XJ,2009,2009-08-14
114,19VDE1F72DE454527,BMW,M5,2016,2000-02-12
115,WAUXF78K69A385600,Bentley,Continental GTC,2013,2002-07-29
116,JH4DC53073S401683,Hyundai,Elantra,2011,2001-02-20
117,1GD120EG0BF764530,Mercury,Cougar,2008,2015-12-09
118,TRUTC28N121600397,Lincoln,Town Car,2006,2012-10-22
119,19UUA86269A082976,Audi,A8,2005,2003-05-17
120,WAUGU44D02N448622,Saab,9000,2000,2017-06-05
121,2T1BPRHE5FC599839,Chevrolet,Corvette,2008,2004-01-03
122,5NPEB4AC8EH769999,GMC,Safari,2003,2018-05-27
123,1FMCU9C75AK225267,Audi,200,1999,2015-07-28
124,5N1AN0NW9FN317172,Ford,LTD Crown Victoria,2021,2019-05-16
125,1G6AL1R33F0579866,Subaru,Tribeca,2016,2002-05-09
126,1G6AC1R35F0329836,Infiniti,J,2014,2012-08-16
127,JN8AE2KP3E9405725,Ford,Explorer,2017,2013-01-05
128,2T2BK1BA7AC028881,BMW,Z4,2011,2014-04-09
129,SCFFDAAM7DG744232,Chevrolet,Express 1500,2016,2001-08-12
130,JM1BL1K38B1727476,Volvo,960,2017,2013-10-13
131,1G6DM57T360932708,GMC,Canyon,1999,2010-10-14
132,2C3CDXGJ3CH003357,Honda,Civic,2003,2007-03-15
133,1GTN1UEHXFZ323842,Maserati,Karif,2016,2014-09-05
134,WAUMFAFR5FA027089,Dodge,Magnum,2004,2000-04-03
135,WA1LFAFP1FA209167,GMC,Sierra 3500,2000,2020-11-16
136,2LMHJ5FK5FB024159,Jeep,Compass,2014,2012-03-01
137,WP0AB2A99FS140049,Chevrolet,Venture,2016,2021-04-27
138,JTEBU5JR8B5958263,Ford,Taurus,2004,2014-07-23
139,WBANE73507C217951,Kia,Sorento,2001,2004-06-10
140,2FMHK6DC8AB484500,Suzuki,Swift,2006,2011-02-03
141,WAUDF98E75A324551,Porsche,911,2019,2021-10-01
142,YV126MFB7F1511497,Pontiac,6000,2010,2005-07-01
143,1N6AF0KX9EN003323,Honda,Pilot,2000,2003-07-05
144,JTDKDTB38C1006875,Jeep,Patriot,2018,2003-06-30
145,1G4PR5SK4C4425018,Chevrolet,Camaro,2008,2017-07-10
146,1D4PU2GK7BW214962,Volvo,V70,2014,2018-01-31
147,1FA6P8AM7F5805064,Mitsubishi,L300,2005,2001-07-11
148,WA1MKAFP7AA336871,BMW,M6,1999,2006-03-14
149,WAUEV94F88N634131,GMC,Savana 1500,2000,2005-02-23
150,SCBGT3ZA0DC807791,Saab,9-3,2016,2011-07-13
151,1FTEW1CM8EK817119,Dodge,Grand Caravan,2008,2018-11-20
152,WBADR634X3G032682,Hyundai,Tucson,2015,2021-08-11
153,1D4PU7GX8AW767661,BMW,1 Series,2015,2014-05-23
154,YV4902DZ6D2418193,Pontiac,GTO,2011,2012-06-08
155,2FMGK5BC5BB376961,Mercedes-Benz,G-Class,2010,2006-06-06
156,WAUAH98E98A544890,Volkswagen,GTI,2002,2009-03-13
157,WP0AA2A90FS048072,Toyota,Solara,2008,2019-02-12
158,5FRYD4H66EB774350,Suzuki,Verona,2010,2004-11-07
159,5TFCW5F19CX607339,Toyota,RAV4,2009,2000-10-10
160,1FTWX3B52AE124823,GMC,Yukon Denali,2005,2000-12-23
161,JM1DE1KY0E0544145,Chrysler,Sebring,2003,2005-06-01
162,4T1BF1FK6CU498154,Chevrolet,Tahoe,2020,2017-04-19
163,WAUKGAFB6AN239167,Ford,Explorer Sport Trac,2000,2017-11-20
164,1GYS4NKJ2FR088712,Acura,Integra,2021,2018-02-18
165,SAJWA4GC8EM819838,Jaguar,S-Type,2012,2014-12-04
166,SCBDC47L98C003976,Infiniti,M,2021,2013-04-19
167,4USBU33508L179263,Chevrolet,Corvette,2003,2015-06-14
168,1GYFC532X9R121715,Ford,Escort,1999,2004-05-25
169,WBSPM9C50BE474365,Chevrolet,Camaro,2004,2008-06-05
170,JTDKTUD33ED682223,Mercury,Milan,2021,2008-09-27
171,JH4CU2F60AC859225,Land Rover,Range Rover Sport,2015,2008-06-24
172,1G6DL5E34C0135062,Isuzu,Rodeo,2019,2001-10-16
173,WBSKG9C58BE391963,Mercedes-Benz,SL-Class,2001,2009-01-07
174,WBA4A5C58FG769779,Mazda,RX-7,2018,2007-10-30
175,5TDBM5G16BS161350,Ford,Probe,2020,2001-09-13
176,1GYS4FEJ2CR624992,Mercury,Topaz,1999,2003-01-24
177,1GKS1GEJ7DR737718,Pontiac,Bonneville,2021,2000-11-13
178,1G4GC5GR0CF922854,Pontiac,Grand Prix,2019,2009-05-22
179,5UXFG2C52CL112745,Maserati,Quattroporte,2019,2006-10-01
180,1G4HC5EM6BU974088,Smart,Fortwo,2001,2021-02-19
181,WAULK78K79A238521,Mercury,Sable,2004,2007-07-22
182,19XFA1E39AE933159,Mercury,Cougar,2010,2008-07-10
183,JH4CU2E89CC099205,GMC,Yukon,2015,2007-12-24
184,1GD02ZCG0CF960553,Plymouth,Neon,2017,2016-02-21
185,1N6AF0LX7FN619585,Lamborghini,Diablo,2006,2013-05-18
186,2G4GZ5GV4B9842203,Toyota,Matrix,2005,2003-12-06
187,JTDKDTB37C1414106,Audi,Q7,2000,2010-02-01
188,WBABW53426P581906,Dodge,Ram 3500,2006,2008-02-20
189,3VW517AT0FM222786,Chevrolet,Express,2010,2006-10-11
190,WBA3T7C5XF5068495,Plymouth,Breeze,2005,2020-01-23
191,WAULT64B24N708596,Pontiac,GTO,2003,2019-01-20
192,1C3CDZBG9EN954101,Lincoln,MKZ,2014,2011-07-31
193,3D7JV1EP2BG418257,Nissan,Maxima,2013,2010-02-14
194,1YVHZ8BH1B5840055,Mercedes-Benz,SL-Class,2020,1999-11-22
195,1G6DX67D760734266,Dodge,Ram Van B150,2015,2016-09-01
196,5UMBT935X8L644865,Toyota,Corolla,2005,2018-03-17
197,1G6DL8EY1B0514824,Mercedes-Benz,SLR McLaren,2017,2018-09-16
198,1GKUCFDJ0AR295052,Ford,LTD,2008,2017-05-05
199,1C6RD6PT5CS718805,Volvo,V70,2000,2009-12-23
200,WA1AY74L18D426028,Toyota,Avalon,2013,2016-01-18
201,WBABW53436P721607,MINI,Cooper,1999,2014-08-11
202,KNADH4A3XA6335966,Suzuki,Verona,2003,2016-06-14
203,WAUAFAFL1AA268087,BMW,8 Series,2001,2015-05-26
204,5N1AN0NU5BC555878,Subaru,Legacy,2012,2005-07-22
205,1YVHZ8BH7B5678853,Audi,A6,1999,2001-04-18
206,JN1AV7AP1FM018778,Mercedes-Benz,M-Class,2000,2021-08-09
207,1D7RB1CP1BS946931,Buick,Roadmaster,2010,2006-10-01
208,WAULC58E15A653257,Mercedes-Benz,E-Class,2007,2006-08-31
209,1FMCU5K30AK911353,Mazda,MPV,2021,2018-02-11
210,1FMJU1F58AE668482,Buick,Skylark,2021,2003-05-12
211,3D73Y4CL8BG753234,Pontiac,Grand Prix,2010,2010-12-22
212,1G4GC5GR8CF192319,Pontiac,Bonneville,2006,2020-03-22
213,5TDDK3DCXFS082990,Mitsubishi,Mirage,2019,2004-09-20
214,SCBLF34F34C891646,Dodge,Ram Van 2500,2015,2000-12-20
215,WAUAH94F67N572183,Mercury,Sable,2013,2008-08-06
216,2HNYD28608H977703,Toyota,Venza,2011,2016-09-11
217,3FAHP0DC7BR462289,Lotus,Esprit,2017,2009-06-06
218,1GKS1KE00ER583736,Chrysler,Imperial,2005,2000-11-21
219,1G6DV8EP8E0803494,BMW,8 Series,1999,2016-08-30
220,JTJBC1BA5E2392817,Pontiac,Bonneville,2003,2012-02-17
221,WBA3V9C55FP115295,Mazda,CX-5,2002,2009-12-02
222,WDDNG7DBXDA372716,Ford,Bronco II,2018,2013-10-17
223,1GD11ZCG5CF776684,Hyundai,Elantra,2009,2020-09-01
224,1LNHL9EK7FG391278,Dodge,Viper,2020,2010-05-12
225,SCFFDCCD2AG303127,Mercedes-Benz,M-Class,2009,2001-07-01
226,1G6EL12Y71B211212,Subaru,Alcyone SVX,2000,2018-12-17
227,5TFCY5F19BX382798,Chevrolet,Suburban 1500,2006,2021-05-23
228,JN1BY1AR8EM260508,Mazda,B-Series,2003,2019-04-27
229,1FADP5AU0DL619977,GMC,1500 Club Coupe,2021,2011-06-22
230,WDDNG7BB5AA590464,Cadillac,Fleetwood,2021,2013-11-16
231,JA32U2FU9EU931940,Porsche,Cayenne,2005,2008-05-23
232,WBAEV33472K107624,Volvo,850,2010,2008-09-03
233,3GYFNJE66BS553966,Volkswagen,Golf,2010,2008-07-28
234,WBALL5C55EP197106,Nissan,Pathfinder,2004,2000-01-27
235,1N6AD0CU2FN375307,Nissan,Armada,2019,2001-02-21
236,2G4GS5EV3D9590017,Dodge,Grand Caravan,2020,2021-05-16
237,NM0KS9BN9AT607074,Honda,Accord,2005,2003-04-23
238,5J8TB2H55CA452979,Mazda,Miata MX-5,1999,2009-06-10
239,3C3CFFER3FT048873,Kia,Amanti,2008,2000-02-27
240,SCFEBBAK4BG966875,Hummer,H1,1999,2007-08-15
241,KMHHT6KD9AU573496,Mazda,Miata MX-5,2009,2005-11-18
242,1G4PR5SK0C4434881,Ford,F-Series,2019,2019-10-26
243,KNADH4A34A6509241,Dodge,Dakota Club,2011,2017-07-06
244,1G6DM8ED5B0347510,Pontiac,Sunbird,2018,2015-09-30
245,2C3CCABG9EH408105,Lincoln,MKT,2013,2000-07-28
246,1FTSW2B50AE359197,Land Rover,Range Rover,2000,2000-02-21
247,1D4PT2GK0AW030237,GMC,Jimmy,2001,2009-01-23
248,SCBBP9ZA7CC581636,Audi,V8,2018,1999-12-13
249,JM1CR2W36A0271517,Honda,Accord,2003,2008-06-09
250,JN1AJ0HP4CM180876,Lincoln,Town Car,2002,2003-10-27
251,19UYA42671A703925,Acura,TL,2004,2010-09-26
252,3CZRE3H3XBG256342,Dodge,Dakota,2000,2011-04-09
253,2C3CCASG3DH768985,Buick,Somerset,2010,2003-12-29
254,WAUSH98EX6A786749,Dodge,Ram Wagon B250,2000,2008-01-03
255,4T3BA3BB3CU706644,Toyota,Tacoma Xtra,2008,2019-05-27
256,1G6KP5E96AU732347,Nissan,300ZX,2010,2015-11-05
257,1FTSW3A53AE206434,Ford,Mustang,2001,2000-08-25
258,1YVHZ8BAXA5075039,Jaguar,XJ Series,2010,2015-06-07
259,5N1AA0NC6DN776951,Chevrolet,Express 2500,2003,2004-01-06
260,3C63DRGL5CG894851,Eagle,Talon,2001,2006-01-26
261,WAULT58E95A711647,BMW,M,2014,2012-04-24
262,1G4HF57968U022779,Subaru,Impreza,2008,2011-10-03
263,4T1BF3EK3AU342518,Honda,Fit,2017,2005-11-07
264,JHMGE8G37CS604828,Mercedes-Benz,500SL,2005,2010-02-06
265,WAULD54B84N507003,BMW,7 Series,2012,2015-07-07
266,2HNYD2H32DH799888,Volkswagen,Touareg,2005,2006-10-17
267,2FMDK4KC9AB890940,Chevrolet,Suburban 2500,2012,2011-07-30
268,KMHGC4DE9AU640488,Mazda,RX-8,2008,2006-10-09
269,4T1BF1FK0CU160815,Nissan,Pathfinder,2020,2000-08-31
270,WA1WMBFE6FD448980,Subaru,XT,2014,2020-08-06
271,2LMDJ6JK2DB355886,Volkswagen,Jetta,2012,2013-06-16
272,SAJWA6A79F8179978,Isuzu,Hombre Space,2014,2004-03-13
273,WBANA73505B389380,Mitsubishi,Mirage,2011,2002-02-13
274,WBANB53556C161484,Mazda,B-Series Plus,2017,2005-06-02
275,JTHBL1EF4B5659836,Ford,F250,2005,2017-01-02
276,1NXBU4EE3AZ967653,Suzuki,Grand Vitara,1999,2020-04-16
277,WBAYE4C55ED037917,Chevrolet,Silverado 2500,2017,2003-05-21
278,3D7TT2CT5BG003146,Isuzu,Hombre,2001,2017-03-16
279,1HGCR2F38DA259028,Mazda,Mazdaspeed 3,2003,2015-09-02
280,5N1AN0NW0FN662123,Ford,Escape,2005,2008-07-05
281,KNDMG4C78C6969446,Ferrari,F430,2014,2007-12-24
282,1FTSW2B5XAE637149,Toyota,MR2,2014,2015-06-05
283,WAUSH78E88A130508,Ford,F-Series,2014,2020-07-04
284,1G6DA1E31C0316487,Jeep,Compass,2015,2014-07-27
285,1G6AG5RX0E0837659,Mercedes-Benz,CL-Class,2018,2013-12-20
286,WAURV78T49A533747,Acura,NSX,2017,2008-08-24
287,WA1DGAFE5ED479015,Land Rover,Defender Ice Edition,2021,2009-04-05
288,2T1KU4EE1CC399410,Pontiac,Grand Am,1999,2001-06-15
289,5GAER23768J464028,Ford,GT,2015,2018-10-20
290,5YMGY0C56DL667293,Honda,Pilot,2000,2020-10-16
291,WBAGK93431D416899,Lotus,Esprit,2013,2002-04-10
292,3D7TT2CT8BG938967,Volvo,S80,2018,2009-07-19
293,WAUDV94F89N912295,Spyker,C8,2010,2012-10-17
294,JTHBK1GG4F2743896,Nissan,Sentra,2019,2011-04-07
295,1FTEW1CM6BK842287,Aston Martin,DB9,2005,2010-11-15
296,WP0AB2A96FS587664,Infiniti,G,2017,2010-02-10
297,WAUJT54B52N247537,Ford,E150,2008,2002-12-02
298,WVGAV7AX8BW900795,Dodge,Dakota,2019,2018-03-08
299,WAUDF78E47A965700,Audi,A5,2019,2013-02-22
300,WAUR2AFD3EN929365,Mitsubishi,Galant,2007,2019-01-14
301,WAUVT58E05A914306,Mazda,Mazda6,2016,2013-10-20
302,WP0AB2A94AS997923,Ferrari,F430,2013,2001-05-15
303,KMHCT4AE1CU203736,Pontiac,Firefly,2008,2008-05-13
304,19UUA65666A248465,Pontiac,Firebird,2014,2001-11-28
305,19UUA56681A829273,Saab,9-7X,2002,2021-05-20
306,1GYUCBEF2AR121024,Ford,Mustang,2011,2020-09-04
307,SCBEC9ZAXFC023406,Mercury,Mariner,2006,2014-10-18
308,WBANN73546C095819,Maybach,62,1999,2014-11-08
309,1G6AB5RX2D0549400,Hummer,H2 SUT,2017,2003-12-08
310,WBA1F5C51FV555118,Volkswagen,Jetta,2006,2020-03-21
311,JTDBT4K35B1450478,Mitsubishi,Truck,2020,2016-11-28
312,JH4CU4F69DC765568,Ford,Explorer Sport Trac,2014,2001-07-26
313,WAUEV74F27N634404,Ford,F450,2012,2018-11-02
314,WAUJT54B03N617987,Honda,CR-X,2002,2012-04-02
315,KL4CJCSB2DB063566,Mercedes-Benz,G-Class,2007,2016-11-10
316,3N1CN7AP9EL105040,GMC,Yukon XL 2500,2018,2016-04-29
317,JTJHY7AX4B4076751,Hyundai,Equus,2020,2011-09-29
318,5UXFB93533L527533,Kia,Forte,2012,2009-04-13
319,JTDZN3EU1FJ896818,Lexus,IS,2020,2014-12-09
320,WAUEV74F98N062054,Ford,Probe,2009,2007-04-06
321,1G6DV5EP4C0903023,Mercedes-Benz,G-Class,2003,2006-10-01
322,3C6LD5BT0CG530644,Chevrolet,Tahoe,2004,2012-10-19
323,SCBCR63W54C368512,Mazda,Protege,2013,2016-07-23
324,1GD02ZCG5DF117207,Porsche,Cayenne,2020,2019-08-15
325,3C6TD5JT2CG232629,Honda,Fit,2002,2009-04-06
326,WBANF33546C571394,Mitsubishi,Lancer,2006,2012-08-30
327,KNADM5A39D6780639,Chevrolet,Lumina,2015,2014-11-24
328,SCBBR53W568535463,Dodge,Ram 1500,2013,2000-06-18
329,WAUAC68D81A125827,Cadillac,SRX,2011,2001-11-30
330,WAUEH94F57N149998,Mazda,626,2005,2015-03-09
331,1C4RDJDG6DC563969,GMC,Sierra 1500,2016,2009-02-11
332,WBA5A7C59ED792259,Saab,9-7X,2018,2002-02-03
333,1GD02ZCG8BF421273,Infiniti,QX56,1999,2012-05-24
334,SCFPDCGP8EG854094,Lincoln,Town Car,2004,2017-02-25
335,WBAWL735X7P815788,Mazda,MX-5,2011,2011-08-05
336,2G4GU5GVXC9150933,Land Rover,LR2,2000,2018-09-17
337,WA1WGAFP4EA781925,Acura,Legend,2007,2021-10-16
338,SALAC2D49CA421081,Pontiac,Bonneville,1999,2017-02-11
339,1GYS4SKJ2FR415009,Acura,NSX,2010,2006-02-20
340,JN1AV7AP4FM941479,Chevrolet,Suburban 1500,2017,2015-10-30
341,3D7LT2ET2AG415214,Honda,Accord,2015,2009-11-12
342,WP1AA2A20BL634869,Chevrolet,Corvette,2014,2013-09-15
343,WAULFAFH5DN359591,Maserati,GranSport,2020,2016-01-14
344,2G61S5S39D9236809,Nissan,Pathfinder,2009,2018-06-03
345,JH4KA965X3C329741,Chevrolet,Silverado 1500,2008,2002-02-22
346,WAUDF58E65A792974,Honda,Accord,2001,2008-01-11
347,5UXWX7C51E0395303,Ford,F150,2021,2015-09-28
348,WBA3B9C59DJ740646,Audi,5000S,2019,2002-01-11
349,1G6AB5R32F0415809,Nissan,Cube,2016,2018-09-03
350,1FMCU0F77DU203478,Volvo,C70,2016,2008-05-01
351,WBAGN63404D852040,Mitsubishi,Pajero,2021,2019-10-25
352,WBAWR335X8P256994,Isuzu,i-370,2016,2016-01-18
353,5UXFB33572L930412,Pontiac,Bonneville,2020,2008-03-11
354,1G6AL5S33D0861472,Subaru,Legacy,2001,2004-04-14
355,2G61N5S3XF9606868,Mercedes-Benz,S-Class,1999,2021-03-16
356,WAUDGBFL6CA700188,Lexus,GS,2006,2002-03-04
357,WBACN534X1L120511,GMC,Savana 2500,2007,2019-03-30
358,1N6AA0CA2CN511087,Plymouth,Grand Voyager,2012,2017-10-05
359,2C4JDGAG4CR354921,Oldsmobile,Aurora,2000,2004-05-24
360,1N6AA0CC0EN131038,Chevrolet,HHR Panel,2021,2015-06-18
361,SAJWA4FB0EL598198,Volvo,S60,2020,2007-10-25
362,3VWKX7AJ6AM141610,Toyota,Solara,2010,2001-09-19
363,1G6DJ5EG7A0031929,Hummer,H1,2006,2012-09-10
364,2T3BF4DV2BW791229,Fiat,500,1999,2016-04-13
365,1GYS4GKJ1FR255685,Land Rover,Range Rover,1999,2020-04-16
366,WAUVC68E94A903681,Plymouth,Fury,2011,2002-12-27
367,1D4PT4GX8BW209599,Lamborghini,Aventador,2018,2007-11-12
368,KL4CJGSB1EB484199,Nissan,300ZX,2010,2020-08-09
369,1G6DH5E52C0259852,Infiniti,G,2006,2021-06-10
370,1G6DC5EY1B0635058,Mercedes-Benz,M-Class,2020,2007-06-28
371,1G6DC5EG5A0342916,Mitsubishi,Montero,2018,2013-10-20
372,WAUDF98E28A806848,Buick,LeSabre,2012,2001-01-24
373,5N1AA0NCXBN097701,Cadillac,CTS-V,2007,2003-04-30
374,WBAFU9C5XBC199874,Lamborghini,Murci√©lago LP640,2018,2015-09-06
375,WBA1J7C5XFV521513,Dodge,Charger,2019,2000-03-21
376,WAUSFAFL8BA694803,Cadillac,SRX,1999,2000-01-08
377,1C4AJWAG8FL562428,Ford,E350,2007,2015-07-31
378,3D73M4EL2BG096035,Chevrolet,Silverado 1500,2013,2006-12-26
379,WAUWFAFH6AN869828,Pontiac,Grand Am,2017,2001-07-16
380,JTMHY7AJ9B5233747,Pontiac,G8,1999,2019-06-19
381,SCBLE47K98C321903,Hyundai,Scoupe,2007,2001-06-08
382,WAUNF98P58A949346,Pontiac,Torrent,2018,2014-04-10
383,5UXZV4C54BL130211,Hyundai,Azera,2015,2017-03-21
384,WBANF33547B259468,Plymouth,Voyager,2008,2001-07-23
385,1C4NJPBA9DD543539,Audi,A6,2019,2016-07-05
386,WAULC68E62A604265,Lexus,IS-F,2008,2019-12-09
387,1C3CDFBB7ED078170,Oldsmobile,Bravada,2021,2012-06-22
388,SCBFU7ZA5DC350122,Pontiac,Grand Prix,2013,2015-01-01
389,1GYUCJEF8AR599359,Saab,9000,2019,2021-06-30
390,JTJYWRBZXF2223786,Ford,F250,2018,2001-11-06
391,WBA3B5C51DF703926,Honda,Civic,2017,2003-08-19
392,3C3CFFER9FT279261,BMW,M3,2012,2015-02-09
393,WBALW3C52DC265203,Mitsubishi,Eclipse,2011,2020-04-17
394,5TDDK3DC1CS959345,Toyota,4Runner,2002,2010-12-23
395,1GKS1AE04CR027579,Chevrolet,Astro,2002,2018-04-21
396,JN1AZ4EH8FM780057,Plymouth,Roadrunner,2002,2003-03-23
397,2G4WS55J441296374,Rolls-Royce,Phantom,2019,2004-07-13
398,WAUML54BX2N191222,Audi,A5,2021,2001-04-30
399,JTEBU5JR7F5697360,Pontiac,Bonneville,2011,2002-07-21
400,1C3BC8EG3BN943594,Dodge,Caravan,2012,2018-06-12
401,1D7RW3BK3AS056130,Chrysler,PT Cruiser,2012,2001-10-14
402,3VWKX8AJ7BM983606,Acura,TSX,2014,2003-06-29
403,3VW4A7AT2DM697705,Mazda,B-Series,2021,2014-01-26
404,1N6AD0CU1DN505896,Chevrolet,Cobalt,2007,2002-03-24
405,JTDJTUD38ED771913,Volkswagen,Eurovan,2016,2012-07-08
406,1C4SDHCT0EC459262,Volvo,S60,2002,2014-04-22
407,5UXFA93505L104091,Pontiac,Tempest,2017,2019-05-02
408,4USBT53464L082293,Suzuki,Sidekick,2007,2000-05-30
409,JN1BV7AP7FM706739,Nissan,Altima,2003,2016-01-11
410,2C3CCABG7DH779522,Ford,Taurus,2021,2016-04-19
411,JN8AZ1FY5BW159890,Mitsubishi,Outlander,2019,2019-05-03
412,1FTEX1C89AK570848,Mercedes-Benz,300SL,2013,2004-12-18
413,WAUXL58E94A300992,Volkswagen,Golf,1999,2016-08-07
414,WBAPH5C59BA115914,BMW,X3,2015,2020-12-03
415,3N1CN7AP0EL757349,BMW,5 Series,2021,2008-03-10
416,1GYEK63N96R739134,GMC,Yukon XL 1500,2020,2015-02-11
417,19UUA56883A683719,Nissan,Maxima,2013,2005-07-02
418,JM1GJ1U5XF1994506,Mazda,CX-7,2000,2014-06-03
419,1FTEX1CW5AK352937,Lexus,IS-F,2007,2006-03-18
420,1G6EL12Y62B276988,Hyundai,Tiburon,2010,2014-07-06
421,WBAFU9C56BC706950,Pontiac,Bonneville,2019,2020-09-22
422,YV4612HM9F1033525,GMC,Sierra 2500,2019,2002-09-06
423,19XFB4F25DE010430,Honda,Civic,2002,2000-03-07
424,2HNYD18833H561553,BMW,M5,2005,2007-08-17
425,1HGCP2F39BA852027,Chevrolet,2500,2013,2011-12-25
426,WBA3N3C5XFF975440,Pontiac,Grand Am,2014,2011-07-29
427,WAUUL78E25A163376,Nissan,300ZX,2002,2015-01-14
428,WBAEK13567C781951,Corbin,Sparrow,2007,2008-10-24
429,JN8AF5MR6DT477209,BMW,5 Series,2019,2000-11-22
430,1B3CB2HAXAD594365,GMC,Sonoma,2016,2012-03-30
431,WVWED7AJ0DW722033,Dodge,Viper,2015,2004-04-15
432,WAUHF98P58A992730,Chevrolet,Suburban 1500,2013,2019-12-06
433,1FTSX2A57AE097726,Toyota,Camry,2011,2008-06-10
434,WAURFAFR4AA824920,GMC,Safari,2004,2014-08-16
435,WBAYE8C54ED211354,Pontiac,Grand Prix,2010,2019-05-29
436,WAULH64B41N136962,Mazda,Mazda5,2011,2008-12-02
437,1FT7W2A6XEE837406,Mercedes-Benz,SLS AMG,2008,2020-01-25
438,JN8AS5MT3AW596580,Volkswagen,Tiguan,2015,2021-08-15
439,WBACN33431L041878,Volkswagen,Corrado,2002,2004-09-04
440,5N1AA0NC7BN353941,Toyota,FJ Cruiser,2014,2008-02-23
441,WBASP4C58BC603943,Subaru,Forester,2018,2004-04-15
442,1GD01ZEG1BF985489,Kia,Sorento,1999,2012-05-01
443,3C63D2GL9CG755281,Lamborghini,Aventador,2015,2009-12-27
444,1D7CW3BK8AS291693,Audi,S4,2014,2007-11-02
445,WAUVT64B04N082359,Volkswagen,Cabriolet,1999,2015-07-05
446,3GYFNCE32ES510022,Volvo,V70,2010,2014-12-26
447,KNDPB3A29B7150354,GMC,2500 Club Coupe,2011,2012-09-30
448,WAUHMBFC2EN839966,Mercury,Mariner,2016,2010-09-06
449,WVWAA7AHXAV162866,Toyota,MR2,2007,2013-07-04
450,1FTSW2B59AE765639,Eagle,Vision,2018,2018-11-09
451,3GYFNCE3XDS355105,Pontiac,Solstice,2000,2007-02-05
452,3N1AB7AP9FY957182,Pontiac,Grand Am,2011,2009-10-10
453,JTJBM7FX3E5934221,Mercedes-Benz,500SEC,2001,2020-05-30
454,WAUAT48H75K511453,Audi,A8,2005,2019-03-15
455,WBAEW53463P551042,Toyota,RAV4,2002,2008-01-28
456,WBALL5C54EP737996,Chevrolet,Lumina,2000,2008-01-21
457,WA1BV94L27D317567,Dodge,Ram 1500,2012,2014-09-26
458,WAUHE78P18A856070,Jaguar,XF,2012,2006-06-25
459,4JGBF2FB1AA914714,Toyota,Xtra,2012,2014-05-12
460,1FMJK1G50EE364654,Porsche,911,2007,2008-09-05
461,1N6AD0CU2FN163748,BMW,7 Series,2019,2010-02-23
462,5N1AA0NC7DN797677,Suzuki,SX4,2016,2009-12-07
463,2C3CCAAG7EH182339,Chevrolet,G-Series G20,2005,2014-11-15
464,WVWGU7AN2AE421888,Pontiac,Sunbird,2017,2020-02-18
465,1G6DU6EA7A0056600,Land Rover,Range Rover Classic,2008,2000-01-29
466,WBADN63491G824315,Volkswagen,New Beetle,2010,2011-08-30
467,WP0AA2A81FK378584,Chrysler,Prowler,2010,2012-08-27
468,1GD21ZCG0BZ192422,BMW,Z8,2013,2009-11-07
469,3D73Y4EL9BG436060,Volkswagen,GTI,2000,2011-04-12
470,3VW4T7AT4EM694848,GMC,2500,2019,2013-03-01
471,19UUA65506A158820,Merkur,XR4Ti,2019,2019-06-28
472,JH4KB16627C154592,Volkswagen,Golf,2006,2002-10-24
473,1C3CDZBG6CN551951,Mercury,Sable,2017,2017-05-05
474,1G6DH5E53C0910048,Saturn,VUE,2007,2014-02-07
475,1N4AA5AP5DC265081,Buick,Skylark,2011,2019-03-24
476,JTHFF2C2XD2804929,Volkswagen,Jetta,2014,2006-05-31
477,3MZBM1U78EM126554,Mitsubishi,Montero,2005,2008-10-08
478,WA1WKBFPXBA657223,Pontiac,Monterey,2003,2007-09-24
479,1D7RV1CP5AS896573,Mitsubishi,Montero Sport,2021,2005-04-08
480,2G4WS52JX41659734,Volkswagen,GTI,2012,2000-12-13
481,4USCN53452L905145,Mazda,CX-7,2002,2011-09-21
482,WBA3T3C50FP657357,Mercury,Sable,2011,2020-06-02
483,WAULT58E15A187183,Infiniti,Q,2016,2016-09-07
484,JTDKN3DP1D3448948,Bentley,Arnage,2019,2012-02-13
485,5GAKRBKD3EJ710376,Chrysler,Cirrus,2011,2005-05-27
486,1B3CC5FB3AN755594,Toyota,Camry,2015,2017-09-25
487,WA1CGBFE6BD265079,Ford,Bronco,2012,2003-03-29
488,WAUMFAFR6EA006590,Audi,A3,2008,2008-03-18
489,3N1AB7APXFL427350,Chevrolet,Express,2013,2007-12-19
490,WBA3G7C58EF980314,BMW,X6,2012,2003-07-16
491,5LMJJ2HT3FE820833,Cadillac,Seville,2020,2011-10-28
492,3VW4T7AT4EM308722,GMC,Sonoma Club Coupe,2021,2013-12-08
493,WA1LYAFE0AD121761,Mercedes-Benz,E-Class,2012,2020-06-10
494,WBANA53555B607866,Volkswagen,Passat,2018,2002-08-22
495,WAUVT68E93A486447,Subaru,Forester,2009,2020-08-20
496,KMHHT6KDXAU732221,Mitsubishi,Chariot,2013,2006-10-29
497,WA1EY94L68D106197,Audi,4000s Quattro,2003,2018-08-31
498,WAULK98K99A185431,Pontiac,Sunfire,2019,2018-09-11
499,1G6AL5S38E0738381,Ford,Tempo,2004,2002-08-12
500,JTDKTUD31DD897114,Ford,LTD,2012,2012-06-27
501,WBAVB73527P969250,Ford,Probe,2002,2005-10-01
502,4JGCB2FE8BA849453,Volvo,V50,2016,2019-10-23
503,1GD120EG1BF347546,Ford,F-Series,2000,2005-08-11
504,WBANV13528C596188,Ford,Taurus,2011,2021-01-19
505,JTJBARBZ1F2292032,Mitsubishi,Montero,2002,2005-08-21
506,1G6DA5EY4B0516538,Dodge,Ram Wagon B350,2020,2001-06-24
507,WP0AA2A8XCS510849,Volvo,850,2021,2006-04-28
508,WAUVT54B14N089914,Cadillac,STS-V,2007,2009-10-15
509,5N1AA0NC0EN866288,Honda,Accord,2000,2002-02-17
510,2G61R5S3XF9159799,BMW,Alpina B7,2012,2018-11-27
511,WAUJT68EX3A136064,Mercedes-Benz,S-Class,2010,2019-10-14
512,WBANV1C55AB748864,Subaru,Impreza,2015,2000-05-01
513,5J6TF2H59EL946024,Suzuki,Grand Vitara,2014,2016-05-18
514,5J8TB2H53CA031715,Mercury,Capri,2016,2014-04-09
515,WBA3B3G56DN019457,Nissan,Quest,2009,2006-03-31
516,1N6AA0CH8EN217919,Pontiac,GTO,2015,2001-03-03
517,WAUGGBFC1DN521161,Cadillac,Escalade ESV,2000,2011-07-05
518,1FTEX1CW6AF327831,Hyundai,Azera,2008,2019-03-21
519,JM1NC2EFXA0270814,Chevrolet,Camaro,2007,2008-01-15
520,WBA3N7C51EK519307,Jeep,Grand Cherokee,2007,2004-09-05
521,1GTG5AEAXF1395136,Mitsubishi,Outlander,2012,2000-08-28
522,1FTEW1CM2DF720862,Infiniti,Q,2021,2006-12-20
523,3C3CFFFHXFT365457,Cadillac,SRX,2014,2008-06-18
524,YV1902FH7B2226425,Mitsubishi,Cordia,2013,2016-05-15
525,WAUAH74F98N380519,GMC,Sonoma,2000,2015-01-13
526,WVWAA7AJXCW553080,Audi,5000CS,1999,2001-09-20
527,WBAFR7C54CD391356,Mazda,MPV,2008,2018-10-05
528,2G4WN58C891752775,Saturn,Outlook,2004,2009-11-13
529,1G4HP57208U438441,Honda,Prelude,2009,2003-01-28
530,WAU4FAFR6DA725062,Chevrolet,Suburban 2500,2012,2016-11-20
531,WAUBFAFL4EN351323,Mitsubishi,Eclipse,2011,2008-03-08
532,KMHHT6KD3CU329409,Toyota,Prius,2004,2021-02-04
533,2C3CDXDT8DH699513,Chrysler,Sebring,2005,2008-06-17
534,KM8NU4CC7CU229839,Pontiac,G5,2004,2000-10-09
535,JN1CV6EL7EM008569,Infiniti,J,2021,2007-03-09
536,3GYFNAE35CS273043,Acura,RL,2003,2009-01-28
537,JHMZE2H50AS295741,Mercury,Sable,2007,2021-06-28
538,2C4RDGAG4CR189441,Mitsubishi,Truck,2017,2019-12-28
539,WBAKA4C5XBC349413,Chevrolet,Astro,2006,2000-02-24
540,1FMEU7EE0AU408380,Saturn,VUE,2007,2000-05-11
541,VNKKTUD39FA178978,BMW,8 Series,2019,2013-01-21
542,WBAPN7C57BF584166,Chevrolet,Tahoe,2019,2006-06-19
543,WAULFAFR4BA322805,Audi,Allroad,2006,2011-04-08
544,WA1YD54B55N065186,Suzuki,Esteem,2011,2002-11-27
545,WBAWV13517P702710,Volkswagen,Passat,2001,2000-11-03
546,2G4GT5GC4B9183491,Eagle,Summit,2006,2015-02-11
547,3D7TP2HT7AG102451,Chrysler,Sebring,2005,2003-10-23
548,SCBLC47J47C584828,Toyota,4Runner,2000,2007-07-22
549,WAUKD98P67A866922,Acura,TSX,2009,2004-08-03
550,3VW8S7AT2FM225408,Pontiac,6000,2002,2003-08-22
551,1FTEW1C84FF623880,Mercury,Cougar,2018,2011-05-17
552,5UXFG83539L193198,Chevrolet,Silverado 2500,2004,2002-06-07
553,3GYFNGE32ES021210,Toyota,Camry Hybrid,2002,2004-12-13
554,3C6JD6EP3CG450797,Lamborghini,Gallardo,2006,2008-06-28
555,1G6AF5SX7E0591402,Toyota,Land Cruiser,2008,2013-05-18
556,1G4HD5EM3AU389075,Dodge,Caravan,2009,2016-06-12
557,1GKS1CE00ER615414,Mercedes-Benz,SL-Class,2004,2021-07-29
558,1G4HP57M39U611713,Oldsmobile,88,2020,2004-02-09
559,WAUFGAFC6EN125654,Mazda,B-Series Plus,2011,2007-10-06
560,5J8TB4H55DL692986,Land Rover,LR4,2002,2020-10-09
561,4USBU53546L265314,Pontiac,Grand Am,2000,2012-05-26
562,WBA3B1C52EK805172,Lotus,Esprit,2018,2003-04-30
563,1G6EC12952B324019,Hummer,H1,2009,2019-01-14
564,5TFBW5F15BX575189,Suzuki,Forenza,2016,2012-01-17
565,WDDGF4HB1DA347983,Chevrolet,Avalanche,2009,2005-06-29
566,3VWKX7AJ8BM507925,Chevrolet,1500,2021,2021-03-09
567,1G4GD5ER0CF088066,Ford,Econoline E150,2002,2011-05-06
568,WAUFGBFB8BN522209,Chevrolet,Caprice,2017,2008-01-23
569,KMHGH4JH6EU538796,Mazda,626,2001,2014-09-24
570,1C4RDJEG0EC529462,Mercedes-Benz,CLK-Class,2006,2020-10-14
571,WBAWB73569P892941,Ford,Econoline E350,2012,2009-02-02
572,WBAUL7C53BV531480,Ford,Econoline E150,2017,2009-02-05
573,WBAKE3C53CE260366,Mercedes-Benz,CLK-Class,2001,2021-01-28
574,1GYEE53A590646182,Pontiac,GTO,2019,2006-07-10
575,4A4JM2AS2AE390407,Dodge,Challenger,2017,2008-05-27
576,1G6DA1ED9B0153434,Mercury,Villager,2009,2005-12-12
577,5N1BA0NE0FN853791,Chevrolet,Corsica,2014,2002-12-11
578,WBAYA6C57FD109905,Lotus,Evora,2017,2020-08-14
579,WBA3T3C56F5455294,Lincoln,Continental,2016,2009-06-13
580,WBALM5C51AE863137,Lexus,ES,2012,2008-03-24
581,WAUEH94F67N493713,Plymouth,Neon,2021,2019-04-09
582,1FTEX1CM4BK481896,Mitsubishi,Pajero,2014,2008-10-29
583,WBAKX8C51BC338256,Aston Martin,V8 Vantage S,2005,2001-08-18
584,WUARL48H29K002109,Ferrari,430 Scuderia,2011,2017-11-21
585,WVWED7AJ3DW940290,Alfa Romeo,164,1999,2003-09-23
586,YV140MAK0F1068224,Lexus,ES,2018,2003-03-12
587,2T3BF4DV5BW446826,Jaguar,X-Type,2008,2011-07-26
588,WAUEL74F36N818982,Mitsubishi,Mighty Max,2014,2001-03-24
589,3C3CFFFH0ET508849,Ford,E-Series,2015,2015-03-15
590,WA1VFAFL5DA395704,Lincoln,Aviator,2013,2012-01-11
591,WVGAV7AX1FW091534,Kia,Sportage,2005,2001-06-17
592,WAUFFAFL4EA066873,Suzuki,Grand Vitara,2016,2008-10-06
593,KM8JT3AB3DU007385,BMW,3 Series,2013,2009-07-07
594,1N6AD0CU3FN100724,Chevrolet,Corvette,2012,2001-06-08
595,WBAPH735X9A077258,Dodge,Grand Caravan,2007,2000-10-01
596,ML32A3HJ3FH070237,Subaru,Leone,2017,2003-01-05
597,4T1BD1EB4FU871736,Chevrolet,Cobalt,2006,2013-06-30
598,1HGCP2E87AA846593,Mercury,Lynx,2002,2014-07-20
599,WAUPL68E04A071348,Lexus,LS,2007,2005-07-01
600,1B3CB2HA0AD504513,Toyota,Sequoia,2011,2011-06-23
601,3N1AB7AP0FY038008,Maybach,62,2003,2015-03-02
602,KL4CJASB0EB743505,Kia,Sorento,2012,2015-07-30
603,JHMFA3F20AS903240,Toyota,Avalon,2016,2016-09-21
604,5N1AN0NW9EN517919,Mercedes-Benz,GL-Class,2006,2018-03-25
605,1FTEW1C88FK086647,Mercury,Grand Marquis,2005,2005-11-29
606,KNADH4A36B6433118,Ford,Flex,2002,2005-01-24
607,WVWED7AJ5DW040670,Lincoln,Navigator,2011,2013-11-28
608,3VW517AT8FM880825,Dodge,Ram 3500,2005,2006-09-30
609,WAUAC48H03K934565,Suzuki,Vitara,2013,2012-12-28
610,SAJWA4HA6EM674859,Ford,F150,2008,2012-12-08
611,1FMJK1G52BE254362,Audi,80,2008,2015-09-14
612,1FTSX2A52AE779395,Honda,Passport,2012,2016-09-14
613,1GKS1AKC3FR433940,Volkswagen,Passat,2014,2019-07-01
614,3N1AB7AP7FL034941,Pontiac,Bonneville,2016,2005-05-01
615,SCBCP7ZA6AC212997,Buick,LaCrosse,2010,2015-09-17
616,1N6AA0EK1FN093647,Chevrolet,Corvette,2004,2005-06-04
617,JTHFE2C21B2995334,Pontiac,LeMans,2003,2017-08-13
618,WAUKFAFL1BA959514,Pontiac,Firefly,2017,2017-01-09
619,1G6KD57Y69U229538,Ford,Freestyle,2004,2007-06-17
620,3GYFK66N24G784106,Chevrolet,Avalanche,2001,2018-01-24
621,1D4RE2GG5BC789404,Mazda,B-Series Plus,2019,2018-12-26
622,1N4AL2AP3CC894474,BMW,M3,2006,2004-11-14
623,WBA3A5C5XDJ874173,Volkswagen,R32,2002,2018-09-26
624,JH4CU2F42CC521987,Lexus,LS,2007,2009-08-01
625,5GAKVBKD5FJ934908,Porsche,Cayenne,2014,2009-02-14
626,4T1BF3EK8BU630391,Infiniti,G25,2005,2000-11-24
627,1FMJK1H57BE324047,Tesla,Model S,2008,2009-11-02
628,TRUVD38J291378570,Oldsmobile,Achieva,2004,2000-05-24
629,5N1AA0ND3EN621008,Mazda,Mazda3,2011,2018-05-15
630,1G6DC67A090810898,Dodge,Durango,2016,2015-08-31
631,1G6DM8EG7A0812118,Kia,Amanti,2021,2013-12-22
632,WAUUL78E95A340280,Lexus,LFA,2020,2017-08-31
633,1GD02ZCG3CZ516274,Volvo,XC70,2002,2009-11-06
634,WAUPFAFM3BA454086,Subaru,XT,2005,2005-07-26
635,4T1BF1FK8DU539322,Toyota,Sienna,2016,2001-09-12
636,TRUWC28N811745271,Chevrolet,Equinox,2013,2021-08-26
637,KNAFU6A24D5597323,Saab,9-2X,2009,2002-04-12
638,1G6DX67D990625490,Pontiac,GTO,1999,2003-09-08
639,5NPDH4AE0EH622829,Hyundai,Entourage,2014,2004-12-11
640,WBAET374X5N776361,Audi,S6,2007,2010-11-14
641,KNAFX6A80E5829252,Ford,Crown Victoria,2018,2003-08-15
642,SCBZB25E32C214597,Mercury,Grand Marquis,2016,2012-02-05
643,YV4902BZ8E1582409,Dodge,Charger,2001,2008-10-26
644,WAUJC58E52A211097,Volvo,S90,2014,2010-11-27
645,WBA3A5C58FP996577,Lamborghini,Countach,2021,2011-10-29
646,1GD11ZCG1BF995589,Spyker,C8 Double 12 S,1999,2017-03-08
647,WBA3N9C52EK664092,Jaguar,XJ Series,2011,2000-02-01
648,JH4NA12683T426482,Hyundai,Veloster,2019,2020-02-18
649,1C6RD6HT5CS341052,Saab,900,2017,2016-09-11
650,1G6DG5EY0B0190235,Plymouth,Grand Voyager,2020,2020-04-10
651,1FTSS3EL3AD307368,Kia,Sorento,2013,2016-08-10
652,WBAWB33527P679393,Mitsubishi,Truck,2001,2003-08-12
653,5TDDCRFH8FS078252,Ford,EXP,2004,2008-08-10
654,JM1BL1L35D1766768,Toyota,Tacoma Xtra,2018,2006-07-01
655,SAJWA2EK4EM416762,Chevrolet,Colorado,2006,2003-07-02
656,JTHBL1EF6A5090678,Bentley,Continental,2014,2018-09-12
657,WBSWD9C53AP447448,Mazda,B-Series,1999,2009-11-08
658,JM1CW2BL6C0749663,Ford,Mustang,2000,2019-03-07
659,2G61W5S87F9147615,Dodge,Grand Caravan,2017,2017-10-14
660,19VDE1F71FE828970,Toyota,Celica,2011,2017-11-08
661,WAUMGAFL4AA063678,Daewoo,Nubira,2002,2003-10-06
662,1G6DG8E53D0140231,Pontiac,Vibe,2011,2001-06-26
663,19UUB2F3XFA398721,Dodge,Ram Van B150,2006,2007-01-05
664,1G6KS54Y24U430498,Plymouth,Grand Voyager,2002,2009-03-26
665,WAUSF78EX6A309586,Chevrolet,Corvette,2000,2020-11-04
666,1ZVBP8AM1C5984820,Mercedes-Benz,S-Class,2008,2002-06-17
667,WAULT58E63A380104,Isuzu,Hombre Space,2016,2008-09-19
668,WAUNF68P06A089612,GMC,Savana,2004,2018-07-07
669,WBASP4C54BC735243,Mazda,Miata MX-5,2012,2016-11-06
670,3VW4A7AT4DM958381,Chrysler,LHS,2020,2017-08-06
671,KNADH5A38B6588758,GMC,Safari,2004,2000-03-12
672,WBAKX6C54CC609204,Ford,Explorer,2021,2017-12-01
673,WAUKG78E25A696663,Toyota,Prius,2002,2005-11-16
674,WBAVM5C50EV954964,Honda,Prelude,2020,2015-10-12
675,WBA3B3G57FN605961,Volkswagen,Jetta,2010,2003-01-23
676,1FMCU5K35AK398990,Nissan,GT-R,2007,2007-09-04
677,JN8AF5MRXBT240977,Mercury,Villager,2015,2021-06-05
678,2C3CCARG9EH213045,Bentley,Continental Super,2001,2010-11-25
679,1HGCR2E34FA942624,Hummer,H1,2016,2016-12-02
680,WAUAF78EX8A181915,Chevrolet,S10,2015,2018-04-24
681,1G4PP5SK1C4884366,Suzuki,SJ,2015,2006-12-17
682,1FTEX1C88AF640624,GMC,Savana 1500,2014,2002-04-30
683,1FTSW3A57AE403638,Lotus,Elan,2006,2000-10-30
684,WAUHE78P29A950038,Volvo,V50,2001,2003-01-05
685,1G4HJ5EM1BU767193,Aston Martin,Virage,2017,2006-04-09
686,1G6YV36A285124245,Ford,Mustang,2003,2017-12-19
687,KNDPB3A21B7822455,Suzuki,Vitara,2010,1999-12-24
688,1GYS4CEF7BR457828,Oldsmobile,Regency,2003,2007-01-03
689,WA1YL64B94N192191,Dodge,Ram,2014,2002-04-28
690,2HKRM3H34DH295740,Porsche,Boxster,2016,2014-11-30
691,WAUVC68E54A280950,Chevrolet,Sportvan G30,2009,2003-04-18
692,WAUKH98E28A086405,Ford,Tempo,2001,2001-05-30
693,WAUDGBFL0CA024692,Toyota,Supra,2011,2016-04-05
694,1GD312CG6DF641263,Suzuki,Grand Vitara,2017,2017-11-26
695,WP0CA2A82DK309490,Infiniti,M,2015,2019-12-25
696,2LMDJ6JKXBB996331,Volkswagen,Golf,2004,2018-02-13
697,1G6AZ5S39F0363665,Bentley,Continental GT,2015,2020-01-09
698,WBAYA8C50DD662856,Toyota,RAV4,2006,2000-09-05
699,JH4CW2H52CC717556,Ford,Escort,2006,2006-06-10
700,WBAYF8C58DD951226,Lincoln,Town Car,2019,2005-03-02
701,1FTEW1CW7AF373557,Dodge,Ram 3500,2021,2015-07-06
702,1N6AA0CC5DN054701,Dodge,Dakota,2003,2000-06-29
703,YV440MBM5F1130963,Chevrolet,G-Series G10,2000,2005-05-20
704,WAUKF78E68A659736,Mazda,B-Series Plus,2006,2003-01-16
705,KMHHT6KD7EU302233,Subaru,Legacy,2020,2015-09-06
706,3N1CN7AP5FL015532,Chevrolet,Caprice Classic,2014,2016-10-08
707,SCBZK25E02C293095,Pontiac,Grand Am,2012,2021-07-25
708,WBSWL93578P016544,Mazda,CX-7,2004,2013-06-21
709,1G6DF5E50C0564028,Mitsubishi,Outlander,2001,2017-06-29
710,WVGAV7AX6AW950674,Ford,Explorer,2014,2013-03-03
711,WAUAC48H73K006610,Ford,F350,2007,2006-05-28
712,WBA3A9G52CN036020,Lamborghini,Gallardo,2002,2000-03-13
713,1GKS1FFJ0BR595055,Ford,Bronco II,2010,2015-10-03
714,SALAK2V68FA248080,Chevrolet,Express 1500,2005,2005-04-16
715,WP0CA2A83DK013510,Saab,9-5,2015,2000-11-18
716,1GYUKGEF1AR373699,Chevrolet,3500,2010,2000-06-26
717,3VW1K7AJ2CM866716,Mitsubishi,Sigma,2018,2018-12-28
718,KNAFK4A67E5640289,Porsche,944,2016,2002-03-25
719,WBAYF8C51DD827489,BMW,5 Series,2010,2020-07-06
720,19VDE2E51DE805434,Chevrolet,Aveo,2015,2018-12-25
721,KNAGM4AD4C5607387,Chevrolet,1500,2002,2021-05-25
722,3VW8S7AT0FM585888,Kia,Spectra,2005,2016-08-23
723,2LMDJ6JK9BB618422,Mazda,Protege,2017,2014-07-11
724,1FTMF1EW1AF782033,Toyota,Land Cruiser,2007,2013-05-26
725,JH4DC53804S346033,Subaru,Impreza WRX,2001,2000-10-19
726,2T1BURHE4FC841738,Pontiac,GTO,2014,2012-08-21
727,SCFFDCBD9CG147267,Mercedes-Benz,S-Class,2018,2019-04-29
728,JHMZF1D44ES965527,Mazda,CX-5,2020,2020-09-06
729,5FPYK1F50EB875469,Dodge,Grand Caravan,2014,2014-06-16
730,1GKLRKED0AJ977021,Chevrolet,Aveo,2021,2004-10-24
731,1G6AB5RA7E0099014,Lamborghini,Countach,2004,2005-12-22
732,WBA3B5C58DJ612472,Hyundai,Sonata,2014,2010-11-30
733,WAUKF98P19A132959,GMC,Suburban 1500,2003,2013-08-15
734,WA1WYBFE0AD218736,Toyota,Sienna,2015,2020-05-09
735,1C4PJLAB0FW674183,Suzuki,Esteem,1999,2021-10-07
736,3D73M3HL6BG017150,Honda,Insight,2016,2013-12-04
737,WAUDFAFC0FN061994,Hyundai,Azera,2013,2011-10-18
738,19UUA66225A312379,Toyota,Solara,1999,2015-06-05
739,WVGAV7AX5AW982516,Pontiac,Grand Prix,2000,2006-03-07
740,1G6DM577780814621,Pontiac,Firebird,2014,2006-05-17
741,WBANN73517C632308,Bentley,Azure,2021,2018-05-30
742,WBA3A5G53DN358918,Aston Martin,DBS,2009,2001-01-04
743,WBAAV53421F910259,Dodge,Durango,2018,2002-01-03
744,SAJWA4DCXBM548832,GMC,Sierra 3500,2009,2010-06-13
745,WA1AV74L79D333962,Dodge,Ram Van 2500,1999,2017-05-21
746,WAULC68E95A102581,Volkswagen,New Beetle,2008,2016-08-18
747,1C4RDJAG8DC537510,Mazda,Protege,2002,2005-12-30
748,1G6DD1E33E0987895,Chevrolet,Camaro,2003,2006-08-24
749,4T1BK1EB6EU688682,BMW,X5,2015,2011-04-21
750,1D7RE3BK4AS758010,Lexus,LS,2017,2017-12-02
751,JN1AZ4EH8FM224086,Buick,Skylark,2015,2003-12-19
752,JM3TB2CAXE0871042,Ford,E250,2010,2015-07-06
753,1D4PT4GX1BW961547,Kia,Soul,2020,2014-11-21
754,1GYEK63N34R826721,Maybach,Landaulet,2020,2002-09-19
755,3N1AB7AP1FY978334,Saturn,Ion,2016,2004-10-29
756,WBAPM73539E244175,Suzuki,XL7,2007,2003-11-04
757,WBSDX9C50CE448974,Jaguar,XJ Series,2021,2016-04-06
758,1G6AF5SX5E0016411,Dodge,Caravan,2003,2010-01-03
759,1G4GE5EV3AF535206,Cadillac,Escalade ESV,2006,2013-06-23
760,WBADT53452C767393,Dodge,Durango,2021,2000-04-24
761,TRUUT28N111827026,Lexus,CT,2002,2011-09-30
762,KNAFU6A25C5991881,Cadillac,DTS,1999,2009-05-25
763,SCBCR63W56C950239,Cadillac,SRX,2000,2003-03-22
764,WAUEFAFL0DN636127,Ford,Thunderbird,2009,2008-07-08
765,KNDMG4C79E6327627,Chevrolet,Uplander,2007,2011-08-12
766,2G4WE587671661312,Porsche,911,2005,2004-06-24
767,WA1MYBFE2AD590196,Ford,Fairlane,2012,2012-08-26
768,5J8TB4H37EL088954,Nissan,Sentra,2015,2008-04-17
769,3GYEK62N96G886359,Chevrolet,3500,2015,2000-04-16
770,1GYS3BEF4CR855187,Lamborghini,Countach,2005,2002-04-21
771,1G6AV5S80E0129226,Chevrolet,Blazer,2003,2014-08-26
772,1FTWX3B58AE066636,Cadillac,Escalade,2013,2019-01-17
773,19VDE1F56DE753372,Mazda,MPV,2009,2014-10-16
774,JM1NC2PF8E0828002,Mercedes-Benz,500SL,2012,2009-12-14
775,1FMCU4K35CK249217,Honda,Civic,2018,2011-03-29
776,1G4HC5EM4BU826909,Jensen,Interceptor,2018,2018-04-17
777,WDDLJ7DB3EA126374,Dodge,Ram 2500,2018,2003-02-27
778,1N4AL2AP9CC551278,Mazda,MX-5,2021,2010-04-26
779,2T1BPRHEXFC390516,Hyundai,Veloster,2005,2011-06-19
780,WBA3V5C50FP987019,Mazda,B-Series,2002,2012-10-05
781,WBXPC93587W632126,Jaguar,X-Type,2003,2019-07-26
782,1N6AA0CC3BN277719,Pontiac,Trans Sport,1999,2007-01-01
783,JTMHY7AJ5A5312931,GMC,Savana 2500,2006,2020-03-18
784,3D73Y3CLXAG042529,Audi,Quattro,2018,2000-02-17
785,WP1AA2A2XDL261892,Nissan,Sentra,2000,2002-09-08
786,1FTEW1CF0FF569671,Lincoln,Continental,2017,2004-07-18
787,1G6KD57Y68U209725,Ford,Club Wagon,2000,2018-07-22
788,WBAXH5C57DD096488,Maybach,57,2016,2015-05-20
789,WBA3B3G55EN309979,Chevrolet,Express 3500,2003,2000-03-15
790,3MZBM1L71EM312275,GMC,Sierra 3500,2008,2021-06-25
791,WBA3T1C57FP081657,Dodge,Grand Caravan,2013,2002-08-05
792,KNDJN2A23E7733837,Toyota,Supra,2005,2004-06-13
793,2T1BURHE6EC558546,Aston Martin,V8 Vantage,2016,2000-07-30
794,1N4AL2EP0DC996746,Chevrolet,HHR,2014,2001-03-18
795,WVWED7AJ9AW071139,GMC,1500,2005,2002-08-26
796,JN8AZ1MU7DW415871,Chrysler,LHS,2007,2001-03-10
797,WBAVA37587N995109,Subaru,Alcyone SVX,2011,2021-09-14
798,2G4GL5EX4F9322269,Porsche,Cayman,2012,2008-03-31
799,1FADP5CU5EL184050,Chevrolet,Tahoe,2015,2011-10-28
800,WAULT54B73N648680,Suzuki,Sidekick,2006,2009-06-01
801,JN8AZ1MU7CW953887,Mazda,Miata MX-5,2017,2006-03-27
802,WAUSH78E56A113890,Hyundai,Azera,2016,2013-04-10
803,1GD21XEG7FZ060345,Ford,LTD Crown Victoria,2002,2012-10-10
804,1GYUCHEF0AR671289,Aston Martin,Vantage,2017,2003-05-25
805,JN8AE2KP7F9345434,Honda,Fit,1999,2002-04-16
806,3VW217AU6FM180216,Chevrolet,Silverado 3500,2018,2010-05-27
807,WP0AA2A99CS963174,Jeep,Liberty,2003,2017-04-14
808,1C6RD6FP1CS810997,Jeep,Wrangler,2017,2010-03-27
809,2G4GR5ECXB9638717,Pontiac,Firebird,2009,2013-12-04
810,WAUDL74F35N736468,Chevrolet,Venture,2005,2003-05-08
811,1FAHP2D87FG564163,GMC,Sierra 1500,2020,2005-04-16
812,1N6AA0EC5DN306783,Mercedes-Benz,SLK-Class,2019,2016-03-03
813,3C6JD7CT4CG435201,Kia,Sorento,2021,2009-05-24
814,1D4RD3GG4BC142680,Mitsubishi,Raider,2019,2012-03-04
815,SCFEBBCF3CG375566,GMC,Sierra 2500,2005,2004-07-13
816,YV1902MM5F1333257,Volkswagen,Eos,2015,2014-04-10
817,WBA3B5C5XEF203796,Nissan,Titan,2020,2019-07-26
818,5UXFE4C58AL421702,Dodge,Viper,2007,2002-05-30
819,3D4PH5FV3AT671712,Lamborghini,Gallardo,2007,2006-01-10
820,WA1CFAFP8BA839696,BMW,3 Series,1999,2017-06-12
821,1FMJU1J59AE173344,Mazda,626,2003,2003-10-20
822,JTDZN3EU1D3644939,Lexus,IS,2019,2016-08-26
823,JM1DE1HY5B0550106,Lotus,Esprit,2011,2005-06-18
824,3D73M4CL6AG400081,Pontiac,Bonneville,2009,2003-04-15
825,5J6TF1H5XFL725687,Maybach,62,2019,2014-04-29
826,SCBLF44J98C074777,Chevrolet,Corvette,2021,2020-03-22
827,WA1VMBFE5BD633642,Nissan,Armada,2018,2017-01-05
828,JA32X2HUXCU635570,Dodge,Caravan,2009,2008-05-27
829,3FA6P0LU4ER581441,Dodge,Stealth,2013,2013-01-03
830,5N1AR2MM9FC060302,Chevrolet,Uplander,2008,2009-05-04
831,2FMGK5CC5AB522773,Dodge,Ram 3500,2007,2011-03-16
832,WVWED7AJ5DW884322,BMW,X3,2017,2017-04-25
833,JTHBE1BLXF1864188,Toyota,Supra,2015,2013-08-06
834,5N1AN0NU8AC760514,Toyota,T100,2011,2018-08-20
835,WBAYF8C58ED323572,Chevrolet,Corvette,2013,2009-02-19
836,JN8AZ1MU9AW236131,Mercedes-Benz,SL-Class,2003,2013-12-10
837,SCBGU3ZA7FC748836,Lexus,SC,2005,2016-09-10
838,5LMJJ2H5XEE751042,Nissan,GT-R,2020,2007-11-02
839,WDDPK4HA5DF884670,Porsche,911,2006,2016-01-11
840,1N6AD0CU6FN565143,Land Rover,Defender Ice Edition,2019,2003-01-04
841,1GD01ZCG1BF340716,Subaru,Impreza,2012,2017-05-11
842,YV4902DZ0B2811295,Mitsubishi,Tundra,2010,2013-02-04
843,WBAWL73577P244082,Nissan,Xterra,2005,2009-04-22
844,5GADS13S872076340,Cadillac,Seville,2018,2014-01-30
845,SALAF2D46AA368053,Chevrolet,Corvette,2015,2003-05-30
846,2T1KE4EE7CC605150,Oldsmobile,Bravada,2011,2020-07-19
847,1FTEX1CM6BF102728,Volkswagen,Jetta,2016,2020-10-31
848,19VDE3F3XDE592583,GMC,Canyon,2016,2013-05-21
849,JM1NC2JF1F0810192,Ford,F250,2018,2005-09-02
850,1FTEW1CM2DF349654,Mitsubishi,Montero,2011,2015-12-18
851,5FRYD3H90GB137784,Ford,Focus,2005,2016-12-24
852,5J8TB4H35EL795566,Land Rover,Freelander,2020,2002-09-25
853,2G4GR5GX2F9539377,Mitsubishi,Outlander,2004,2016-03-21
854,KMHFH4JG5FA104648,Chevrolet,Caprice,2002,1999-12-28
855,WBAFR7C56CC553252,Maserati,430,2008,2001-02-27
856,1C6RD7KP5CS864248,Cadillac,Seville,2018,2000-06-09
857,WAUSF98EX7A154275,Mazda,B-Series,2003,2021-03-26
858,WUADUAFG1BN588743,Pontiac,Firebird,2006,2017-09-24
859,3D7TP2CT9BG028586,Mazda,RX-7,2013,2021-10-11
860,WBA3B5C53EF267744,BMW,Z4 M,2012,2013-07-30
861,YV126MEB2F1832915,Chevrolet,Tahoe,2006,2002-09-18
862,3N1BC1AP9BL997008,Mitsubishi,Endeavor,2013,2000-03-04
863,JHMZE2H57DS890977,Hummer,H1,2020,2014-02-21
864,WAUMF78P76A823373,Dodge,Ram Wagon B250,2021,2003-12-29
865,2FMPK3J97FB514001,Chevrolet,Metro,2018,2020-06-19
866,5N3ZA0NC8AN844494,Infiniti,G,2001,2010-06-08
867,1G6AC5S33E0273038,Honda,Odyssey,2021,2006-05-05
868,WBABS53471J128520,Chevrolet,Avalanche,2018,2019-09-07
869,WAUCVAFR2BA615170,Nissan,JUKE,2001,2003-09-30
870,WAURVAFA9AN588724,GMC,Yukon XL 1500,2017,2007-01-19
871,WAUKFAFL1CN483064,Volvo,740,1999,2020-04-27
872,YV126MFC8F1765793,Volkswagen,Jetta,2010,2004-09-26
873,5N1AN0NW8DN363833,Suzuki,SJ,2001,2010-10-23
874,2G4GS5ER6D9769221,Mazda,B-Series,2001,2008-04-28
875,3VWF17AT0FM417291,Kia,Sedona,2012,2015-04-09
876,JN8AF5MV2FT755832,Volkswagen,rio,2007,2012-07-09
877,WBAYP1C54DD164777,Mitsubishi,Truck,2014,2010-10-10
878,1G6AE5SX3F0263625,Dodge,Durango,2000,2016-07-27
879,KNDJT2A24D7789984,Pontiac,Tempest,2000,2015-04-10
880,3LN6L2LU7DR673400,Audi,S5,2017,2001-04-25
881,1N6AA0CH4DN357772,Kia,Sedona,2005,2014-04-14
882,JN1AZ4EH4FM584777,Toyota,Paseo,2009,2009-02-12
883,1N6BF0KLXFN533366,Toyota,Tundra,2019,2016-10-02
884,4A31K2DF2BE601728,Lexus,GX,2008,2016-02-11
885,1GTN1TEX6BZ307133,Honda,Accord,2011,2015-06-10
886,2D4RN4DE0AR606446,Buick,Riviera,2004,2007-08-17
887,JHMGE8G34BS474957,Nissan,Xterra,2014,2003-05-22
888,JTEBU5JR2A5130000,Oldsmobile,Cutlass Cruiser,2014,2002-07-16
889,WAUCFAFH0FN937454,Mitsubishi,Mighty Max,2007,2007-12-18
890,1N6AA0EK4FN202411,Ford,Taurus,2008,2003-01-01
891,3C6TD5FT1CG439960,Dodge,Dakota Club,2003,2002-01-23
892,1GYS4GEF3BR589931,Pontiac,Grand Prix,1999,2000-07-27
893,5J8TB4H38GL748129,Dodge,D350 Club,2011,2001-02-03
894,WA1CMAFE1AD725167,Mitsubishi,Pajero,2020,2000-08-28
895,WAUAFAFL9EA719515,Nissan,Sentra,2001,2012-04-17
896,1G6AS5SX4E0310409,Lincoln,MKS,2003,2010-09-08
897,JN1BV7AP6FM905295,Lexus,GS,2014,2011-07-22
898,JN8AZ2NC5E9525409,Chevrolet,Aveo,2008,2017-02-19
899,WBAWV53597P499203,Chevrolet,Colorado,2001,2010-04-14
900,2C4RDGEGXCR957630,Audi,S4,1999,2015-11-25
901,WBAEU33473P111261,Saab,900,2002,2004-07-13
902,WUAGNAFG4CN679419,Oldsmobile,Bravada,2003,2019-12-24
903,KNADH4A32A6833014,Chevrolet,Suburban 1500,2002,2015-05-03
904,JN8AZ1FY5BW896295,Ford,F250,2004,2000-04-20
905,1G6DD1E33E0466918,Buick,Skylark,2019,2016-01-07
906,1G6DJ8EV2A0606180,GMC,Yukon XL 2500,2002,2016-06-02
907,WAULC68EX2A254235,Ford,LTD Crown Victoria,2002,2004-02-11
908,1C3ADEBZ7DV633206,Acura,Legend,2008,2000-11-22
909,2C3CDZBG4FH216667,Mercury,Villager,2000,2004-08-24
910,2HNYD18285H682352,Subaru,Forester,2019,2019-04-14
911,1G6AE5SX5F0625888,Toyota,Camry Hybrid,2019,2004-08-22
912,WAUAFAFL9DA039077,Ford,Explorer,2021,2006-09-24
913,1G6KY54941U660191,Volkswagen,Golf,2011,2007-10-31
914,SCFEDCAD2CG738697,Nissan,Altima,2017,2021-07-12
915,YV1672MS4B2265020,BMW,M6,2011,2019-12-28
916,WBSBL93466P110031,Ford,Escort,2013,2010-05-17
917,4USDU53577L375462,Audi,A8,2013,2021-02-03
918,3GYFNDEY5AS256981,Audi,S8,2018,2018-05-26
919,WBAFR7C59DC101085,Jeep,Wrangler,2013,2011-08-14
920,JTHFE2C23A2834286,Mercury,Capri,2013,2016-01-26
921,1FTMF1E80AF928553,Dodge,Dakota,2013,2007-10-18
922,WVGAV7AXXAW204356,Ford,LTD Crown Victoria,2020,2021-04-11
923,19UUA56963A246035,BMW,6 Series,2005,2020-08-03
924,2D4JN1AG2BR628287,Mitsubishi,Galant,2009,2004-06-11
925,WAUNF78P48A628242,Land Rover,Range Rover,2001,2017-01-06
926,1GYS3JEF2ER420892,Audi,100,2005,2017-07-25
927,1N4AB7AP0EN915434,Buick,Electra,2000,2003-10-24
928,JA4AS2AW9BU196555,Oldsmobile,Regency,2020,2006-01-22
929,5UXKR2C53F0947607,Buick,Skylark,2012,2004-01-26
930,JTDKTUD37ED549027,Honda,Fit,2014,1999-12-10
931,WA1DGAFE5CD616726,GMC,Canyon,2015,2016-03-18
932,JHMZF1C69DS260188,Lotus,Esprit,2021,2012-08-18
933,WBAVM5C51EV452884,Chevrolet,Equinox,2002,2018-08-08
934,2C3CCASG5DH085220,Mercedes-Benz,CLK-Class,2016,2005-01-10
935,WBAKB4C50CC563907,Volvo,940,2007,2019-03-02
936,JN1AV7AP8FM049736,Chrysler,Sebring,2003,2000-09-12
937,4T1BK3DB9AU430938,Jeep,Grand Cherokee,2010,2000-12-23
938,SALFR2BN8BH486624,Ford,F-Series,2014,2021-01-27
939,1N6AD0CW4FN141641,Mercedes-Benz,SLK-Class,2011,2004-02-26
940,1N6AD0CU5CC724094,BMW,M5,2014,2011-01-28
941,1GYFK53259R757901,Dodge,Dakota,2009,2013-03-29
942,WAU2GAFC8FN291657,Lexus,LS Hybrid,2014,2010-07-12
943,JTJBM7FX6B5571585,Lexus,IS F,2000,2020-09-02
944,WAUKF98E38A287414,Mercury,Mystique,2000,2010-12-16
945,5FRYD3H46EB523272,Dodge,Caravan,2016,2020-10-04
946,1GD02ZCG3EF384623,Chrysler,300M,2005,2014-04-19
947,WBA3N3C58EK130401,Honda,Accord,2018,2001-09-14
948,3C63DRLL7CG196389,Mercury,Sable,2006,2020-09-26
949,SCFAD01E29G217994,Renault,Alliance,2001,2014-05-28
950,3D7LT2ETXAG239061,Buick,Riviera,2015,2001-02-16
951,WP0CA2A85ES074178,Mitsubishi,Truck,2010,2020-01-14
952,5GAER23748J753019,Infiniti,Q,2014,2011-08-25
953,1FTEX1EW7AF807650,Subaru,Legacy,2013,2003-08-07
954,WDDHF0EB5FB160650,Land Rover,Discovery,2020,2021-04-19
955,KMHHT6KDXDU071679,Pontiac,Grand Prix,2009,2015-06-21
956,1C6RD6PT9CS629528,Acura,NSX,2016,2019-10-14
957,2T1BU4EE5BC009312,Toyota,Land Cruiser,2015,2003-05-31
958,1GTN1TEX5BZ368747,Hyundai,XG350,2001,2008-10-02
959,WA1DMAFP8EA891974,Dodge,Neon,2016,2016-10-02
960,1C6RD6NT9CS764110,Nissan,350Z,2011,2014-09-25
961,5FPYK1F44CB026031,Chevrolet,Silverado 1500,2003,2003-10-16
962,1GTN1TEX9CZ706393,Oldsmobile,Cutlass Supreme,2014,2006-07-10
963,2FMGK5BC7CB937453,Oldsmobile,Ciera,2018,2011-08-15
964,WBALX3C53CD012865,Buick,Regal,1999,2012-10-18
965,WAUML54D61N645966,Lincoln,LS,2008,2011-08-28
966,JM1NC2LF0C0318777,Lotus,Elan,2009,2011-03-23
967,WAULV94E89N758609,Bentley,Brooklands,2004,2004-02-15
968,1GYS4AEF4CR785763,Nissan,Frontier,2013,2011-12-12
969,JA32X8HW3AU693635,Porsche,944,2021,2018-12-22
970,3FAHP0KC5AR804890,Geo,Tracker,2003,2020-05-16
971,WA1VFBFL9EA557549,Ferrari,612 Scaglietti,2021,1999-12-09
972,KM8JT3AF1FU204416,Isuzu,Hombre Space,2012,2000-04-06
973,WAUHF78P68A279825,Ford,Ranger,2009,2005-10-16
974,1FTSW2B58AE887084,Dodge,Stratus,2021,2005-01-16
975,2T2BK1BA6BC273138,Ford,Th!nk,2016,2020-02-17
976,WVWAP7ANXEE096295,Ford,Ranger,2003,2010-02-23
977,KNAFZ6A33F5097120,BMW,3 Series,2002,2020-01-24
978,2T1BPRHE1FC359087,Chevrolet,G-Series 3500,2005,2013-03-04
979,JTHDU1EF1D5646907,Ford,Falcon,2004,2008-12-14
980,JH4DB75611S941107,Honda,Accord,2005,2006-02-06
981,WAURVAFD2BN468453,Jaguar,XK,2019,2021-01-01
982,1D7CW3GK4AS105821,Mercury,Lynx,2013,2014-04-21
983,JN8AF5MRXBT152771,Dodge,Dakota,2008,2018-08-26
984,JTHBB1BA0A2631124,Volvo,V50,2015,2006-06-05
985,WA1CGAFE9ED698779,Lexus,ES,2008,2004-05-06
986,5TDDK3DC7CS759960,Hyundai,Genesis,2017,2015-05-19
987,2C3CK5CV1AH176844,Volkswagen,Eurovan,2003,2018-05-20
988,WAUBC48H06K415346,BMW,5 Series,2002,2008-06-05
989,JN1CV6EK4BM514623,Mercedes-Benz,E-Class,2013,2019-08-21
990,1G6DG1E34E0480169,Isuzu,Trooper,1999,2004-07-07
991,WAULV44E57N454203,Chevrolet,Silverado 1500,2008,2005-04-12
992,3C6TD5MTXCG463421,Toyota,4Runner,2017,2007-10-02
993,WBAUP73579V323133,Mazda,CX-9,2019,2018-05-28
994,2T1BURHE1EC329904,Lotus,Exige,2001,2008-12-24
995,5UXZV4C54CL965727,Ford,F150,2000,2004-01-05
996,4T1BD1EB0EU529229,Mercedes-Benz,CL-Class,2015,2005-09-29
997,WBA3A5C55DJ604218,Toyota,Avalon,2019,2009-04-28
998,SCFEBBEL5DG917951,Kia,Rio,2001,2013-04-01
999,WBAEP33432P772436,Lexus,SC,2017,2005-11-04
1000,WAUAF78E86A930921,Mazda,Millenia,2018,2010-09-21
